time,x,y,z,yaw,error_x,error_y,error_z,error_yaw,vx,vy,vz,yaw_rate
0.00,0.0,0.0,0.0,0.0,0.0,0.0,2.0,1.5,1.0,0.5,0.0,0.0,0.0,0.0
0.10,4.221605078125001e-05,3.166203808593751e-05,0.00010543481250000001,0.0,0.0,2.8592874023408712e-05,1.9999577839492189,1.499968337961914,0.9998945651875,0.49997140712597643,0.0004221605078125001,0.00031662038085937506,0.001054348125,0.0002859287402340871
0.20,0.00035654575010968796,0.00026739505872348237,0.0007530109240250001,0.0,0.0,0.00023106368647422498,1.9996434542498902,1.4997326049412765,0.999246989075975,0.4997689363135258,0.0031432969932843795,0.0023573302063754483,0.00647576111525,0.0020247081245081625
0.30,0.001321833238104151,0.0009910015794946726,0.00222852120499328,0.0,0.0,0.0008032974430732133,1.9986781667618958,1.4990089984205053,0.9977714787950067,0.49919670255692683,0.009652874879944632,0.007236065207711901,0.014755102809682796,0.005722337565989883
0.40,0.003395798960669628,0.0025437878299313294,0.004865767561109771,0.0,0.0,0.001938691156252812,1.9966042010393303,1.4974562121700687,0.9951342324388902,0.49806130884374733,0.020739657225654767,0.015527862504366568,0.026372463561164905,0.011353937131795989
0.50,0.007066800611729847,0.005285605446519615,0.008914796428726796,0.0,0.0,0.0038097660225148732,1.9929331993882702,1.4947143945534804,0.9910852035712732,0.4961902339774853,0.0367100165106022,0.02741817616588285,0.04049028867617026,0.01871074866262061
0.60,0.012821094144634929,0.009566391419640618,0.014622403143663816,0.0,0.0,0.006562242593062321,1.987178905855365,1.4904336085803593,0.9853775968563362,0.49343775740693774,0.05754293532905082,0.04280785973121001,0.057076067149370184,0.02752476570547447
0.70,0.02112091632149192,0.015705400197820196,0.022177845899950203,0.0,0.0,0.010313629667842314,1.9788790836785082,1.4842945998021797,0.9778221541000498,0.48968637033215767,0.08299822176856991,0.06139008778179578,0.07555442756286387,0.03751387074779994
0.80,0.03238996766406012,0.0239763356273422,0.03174553296345338,0.0,0.0,0.015153483866645834,1.9676100323359398,1.4760236643726579,0.9682544670365466,0.48484651613335394,0.11269051342568198,0.08270935429522006,0.0956768706350318,0.04839854198803519
0.90,0.047003834639785885,0.03459720979210505,0.043442907091155405,0.0,0.0,0.02114432175380572,1.9529961653602141,1.465402790207895,0.9565570929088446,0.4788556782461941,0.14613866975725764,0.10620874164762853,0.11697374127702029,0.059908378871598854
1.00,0.06528362100473235,0.04772412852826609,0.05735409638251998,0.0,0.0,0.02832281865315965,1.9347163789952677,1.4522758714717339,0.94264590361748,0.47167718134684034,0.18279786364946465,0.13126918736161033,0.13911189291364573,0.07178496899353931
1.10,0.0874916132157423,0.06344842118177875,0.0735214080881946,0.0,0.0,0.036701161465164306,1.9125083867842576,1.4365515788182213,0.9264785919118054,0.4632988385348358,0.22207992211009941,0.15724292653512664,0.1616731170567462,0.08378342812004651
1.20,0.11382822332170223,0.08179665214847212,0.09195164759512006,0.0,0.0,0.046268506199498766,1.8861717766782977,1.418203347851528,0.9080483524048799,0.45373149380050126,0.26336610105959923,0.18348230966693363,0.1843023950692546,0.09567344734334463
1.30,0.14442976390118928,0.10273311028704808,0.11261359130877643,0.0,0.0,0.056992520809790406,1.8555702360988107,1.3972668897129519,0.8873864086912235,0.44300747919020944,0.3060154057948704,0.2093645813857596,0.20661943713656378,0.10724014610291643
1.40,0.17936683503157805,0.12616439344970184,0.13544170845710662,0.0,0.0,0.06882100465822287,1.820633164968422,1.3738356065502981,0.8645582915428933,0.43117899534177706,0.34937071130388764,0.23431283162653765,0.22828117148330188,0.11828483848432465
1.50,0.21864325948171998,0.15194570564977497,0.16033645255678383,0.0,0.0,0.08168357983918087,1.78135674051828,1.348054294350225,0.8396635474432161,0.41831642016081894,0.39276424450141934,0.25781312200073114,0.24894744099677213,0.12862575180957997
1.60,0.26219560263549335,0.1798884755846788,0.1871672785230147,0.0,0.0,0.0954934510458432,1.7378043973645068,1.3201115244153212,0.8128327214769853,0.40450654895415683,0.4355234315377338,0.27942769934903816,0.26830825966230865,0.1380987120666233
1.70,0.30989336944313856,0.2097688959815125,0.2157744224811218,0.0,0.0,0.11014923124183297,1.6901066305568615,1.2902311040184875,0.7842255775188782,0.38985076875816693,0.4769776680764519,0.2988042039683368,0.28607143958107095,0.14655780195989776
1.80,0.3615399921154283,0.24133697977413307,0.24597194997593272,0.0,0.0,0.12553683066286161,1.6384600078845717,1.2586630202258668,0.7540280500240673,0.3744631693371385,0.5164662267228978,0.31568083792620577,0.30197527494810905,0.15387599421028653
1.90,0.4168747185958971,0.2743257357067355,0.27755044550800917,0.0,0.0,0.14153140682138973,1.583125281404103,1.2256742642932645,0.7224495544919909,0.35846859317861046,0.5533472648046874,0.3298875593260247,0.31578495532076456,0.15994576158528107
2.00,0.4755754914984934,0.30846008508102385,0.31028035897998757,0.0,0.0,0.1579993732924532,1.5244245085015067,1.1915399149189763,0.6897196410200124,0.34200062670754683,0.587007729025963,0.3413434937428834,0.3272991347197838,0.1646796647106346
2.10,0.5372628776247914,0.3434651739492135,0.34391533695989296,0.0,0.0,0.17480046514667616,1.4627371223752086,1.1565348260507866,0.656084663040107,0.32519953485332387,0.6168738612629807,0.3500508886818966,0.3363497797990539,0.1680109185422296
2.20,0.6015050756136207,0.3790737807072472,0.3781959464956087,0.0,0.0,0.19178985897639464,1.3984949243863793,1.1209262192927527,0.6218040535043913,0.3082101410236051,0.6424219798882929,0.3560860675803368,0.34280609535715745,0.1698939382971848
2.30,0.667823998555113,0.4150325763365643,0.4128535102308201,0.0,0.0,0.20882034553609707,1.332176001444887,1.0849674236634357,0.5871464897691798,0.29117965446390315,0.6631892294149235,0.3595879562931715,0.3465756373521138,0.17030486559702443
2.40,0.7357024028154022,0.4511070613494823,0.44761421299900284,0.0,0.0,0.22574455309034075,1.2642975971845978,1.0488929386505177,0.5523857870009972,0.2742554469096592,0.6787840426028919,0.3607448501291797,0.3476070276818274,0.16924207554243662
2.50,0.8045920156167462,0.4870850772909885,0.48220335898143596,0.0,0.0,0.24241721963143203,1.195407984383254,1.0129149227090115,0.517796641018564,0.2575827803685682,0.6888961280134399,0.35978015941506175,0.34589145982433145,0.166726665410913
2.60,0.873922602413211,0.5227788687743561,0.5163498391405147,0.0,0.0,0.25869751219569936,1.126077397586789,0.9772211312256439,0.4836501608594853,0.24130248780430064,0.6933058679646472,0.35693791483367604,0.3414648015907873,0.16280292564267307
2.70,0.9431119098854123,0.5580257518261653,0.5497907541251366,0.0,0.0,0.27445139157130927,1.0568880901145876,0.9419742481738347,0.45020924587486344,0.22554860842869084,0.6918930747220133,0.35246883051809264,0.3344091498462185,0.15753879375609903
2.80,1.011576419614802,0.5926875231856578,0.5822762119095448,0.0,0.0,0.2895540207523475,0.988423580385198,0.9073124768143422,0.4177237880904552,0.21044597924765274,0.6846450972938973,0.34661771359492416,0.3248545778440824,0.151026291810382
2.90,1.0787428487772064,0.6266488205267221,0.613574272922363,0.0,0.0,0.3038922155534352,0.9212571512227936,0.8733511794732779,0.386425727077637,0.19610778444656463,0.6716642916240437,0.3396129734106436,0.312980610128182,0.14338194801087709
3.00,1.144060334905396,0.6598147125731617,0.6434760459316404,0.0,0.0,0.3173669358565339,0.8559396650946041,0.8401852874268383,0.35652395406835957,0.18263306414346614,0.6531748612818947,0.3316589204643963,0.2990177300927749,0.13474720303098725
3.10,1.207013239489901,0.6921078576509645,0.6718009191991194,0.0,0.0,0.32989581601690493,0.7929867605100991,0.8078921423490355,0.32819908080088056,0.17010418398309524,0.6295290458450505,0.3229314507780273,0.28324873267479017,0.12528880160371025
3.20,1.2671344980759731,0.7234656157693456,0.6984019241089453,0.0,0.0,0.3414157330084907,0.7328655019240269,0.7765343842306544,0.3015980758910547,0.15858426699150918,0.6012125858607222,0.313577581183812,0.26601004909825826,0.11519916991585782
3.30,1.3238298613047168,0.7538375286831157,0.723171221034344,0.0,0.0,0.35188541094037284,0.6761701386952832,0.7461624713168843,0.27682877896565605,0.14811458905962738,0.5669536322874359,0.3037191291377001,0.24769296925398587,0.10469677931882133
3.40,1.376737284057519,0.7831744228267574,0.7460457025966551,0.0,0.0,0.3612880606254702,0.6232627159424811,0.7168255771732426,0.25395429740334485,0.13871193937452997,0.5290742275280224,0.2933689414364169,0.2287448156231125,0.09402649685097367
3.50,1.4256555169389946,0.8114368824208084,0.7670127066272607,0.0,0.0,0.36963405293038015,0.5743444830610054,0.6885631175791916,0.23298729337273927,0.1303659470696199,0.4891823288147558,0.28262459594050954,0.20967004030605535,0.08345992304909942
3.60,1.4704827113460055,0.838599737515791,0.7861158335304037,0.0,0.0,0.376963624681252,0.5295172886539945,0.661400262484209,0.2138841664695963,0.123036375318748,0.4482719440701084,0.27162855094982674,0.19103126903142992,0.07329571750871866
3.70,1.5112323568302009,0.8646539742773219,0.8034608617591336,0.0,0.0,0.38334961594493,0.48876764316979915,0.6353460257226781,0.19653913824086644,0.11665038405506989,0.4074964548419535,0.26054236761530913,0.17345028228729886,0.06385991263677984
3.80,1.5480484289642387,0.8896108392233436,0.8192217562583557,0.0,0.0,0.38890023754732983,0.45195157103576133,0.6103891607766564,0.1807782437416443,0.11109976245267017,0.3681607213403788,0.24956864946021692,0.15760894499222103,0.05550621602399815
3.90,1.5812197643560502,0.9135080073879139,0.8336467644841052,0.0,0.0,0.3937618677321934,0.41878023564394984,0.5864919926120861,0.16635323551589476,0.10623813226780676,0.33171335391811396,0.23897168164570312,0.14425008225749583,0.0486163018486359
4.00,1.611193688123882,0.9364175022025807,0.8470645952241511,0.0,0.0,0.39812187690306555,0.388806311876118,0.5635824977974193,0.15293540477584888,0.10187812309693456,0.29973923767831706,0.22909494814666698,0.1341783074004585,0.04360009170872159
4.10,1.6385339202844404,0.9584410042122854,0.8597770281741848,0.0,0.0,0.402180659407137,0.36146607971555955,0.5415589957877146,0.14022297182581522,0.09781934059286312,0.27340232160558364,0.22023502009704676,0.127124329500337,0.04058782504071409
4.20,1.6637085872671664,0.9796645090866523,0.8717536348806831,0.0,0.0,0.4060410596231737,0.3362914127328336,0.5203354909133477,0.12824636511931686,0.0939589403768264,0.2517466698272598,0.21223504874366883,0.11976606706498319,0.03860400216036745
4.30,1.6870644044517527,1.0001579571353203,0.8830766737547483,0.0,0.0,0.40974311526713786,0.31293559554824735,0.4998420428646797,0.1169233262452517,0.0902568847328622,0.23355817184586225,0.2049344804866798,0.11323038874065114,0.03702055643964136
4.40,1.7088589749949594,1.0199811177232074,0.893753088101863,0.0,0.0,0.41330429960550075,0.2911410250050406,0.48001888227679257,0.10624691189813695,0.08669570039449948,0.21794570543206843,0.19823160587887104,0.10676414347114718,0.03561184338362897
4.50,1.729285526820392,1.0391851469851774,0.9038348332599551,0.0,0.0,0.41673390737872434,0.27071447317960806,0.4608148530148226,0.09616516674004494,0.0832660926212756,0.2042655182543246,0.19204029261969988,0.10081745158092001,0.034296077732236016
4.60,1.7484911220595707,1.0578133364752293,0.9133421375490436,0.0,0.0,0.420038200137217,0.2515088779404293,0.44218666352477065,0.08665786245095641,0.07996179986278307,0.19205595239178858,0.18628189490051975,0.09507304289088475,0.03304292758492662
4.70,1.766589808267479,1.0759019010158843,0.922312702220586,0.0,0.0,0.4232222490579413,0.2334101917325211,0.42409809898411566,0.07768729777941397,0.07677775094205863,0.18098686207908243,0.18088564540654917,0.08970564671542483,0.03184048920724332
4.80,1.7836720208774728,1.093480894748063,0.9307704040337255,0.0,0.0,0.4262905973734797,0.21632797912252721,0.406519105251937,0.06922959596627454,0.07370940262652015,0.17082212609993855,0.17578993732178597,0.08457701813139418,0.030683483155383676
4.90,1.7998112654340876,1.1105751750857829,0.9387454370573658,0.0,0.0,0.42924750081895785,0.20018873456591235,0.38942482491421715,0.061254562942634205,0.07075249918104198,0.16139244556614965,0.17094280337719908,0.07975033023640304,0.029569034454781755
5.00,1.8150688477836285,1.1271627938016526,0.9462615717026956,0.0,0.0,0.43209701713817816,0.18493115221637146,0.37283720619834737,0.05373842829730435,0.06790298286182184,0.1525758234954096,0.1658761871586973,0.07516134645329836,0.02849516319220287
5.10,1.8150688477836285,1.1271627938016526,0.9462615717026956,0.0,0.0,0.43209701713817816,-2.8150688477836283,0.8728372061983474,-0.44626157170269565,0.5679029828618218,0.0,0.0,0.0,0.0
5.20,1.8150226040832638,1.127204408223158,0.9462145201975571,0.0,0.0,0.4321294930950711,-2.8150226040832638,0.872795591776842,-0.44621452019755714,0.5678705069049288,-0.0004624370036475544,0.0004161442150534815,-0.00047051505138460216,0.00032475956892939273
5.30,1.8146752618542004,1.1275120826567069,0.9459255318642309,0.0,0.0,0.4323594606517378,-2.8146752618542004,0.8724879173432931,-0.4459255318642309,0.567640539348262,-0.0034734222906351443,0.003076744335487443,-0.002889883333262196,0.002299675566667327
5.40,1.8135934913501222,1.128445665383165,0.9452670683271825,0.0,0.0,0.43300940716627134,-2.8135934913501224,0.8715543346168351,-0.44526706832718255,0.5669905928337284,-0.010817705040782511,0.009335827264581403,-0.0065846353704837384,0.006499465145335342
5.50,1.8112375362677844,1.1304259680327928,0.9440901666233348,0.0,0.0,0.4342989941191458,-2.811237536267784,0.8695740319672072,-0.4440901666233348,0.5657010058808543,-0.02355955082337862,0.019803026496279998,-0.011769017038477594,0.012895869528744755
5.60,1.8070177737181279,1.133887078252703,0.9422832406370024,0.0,0.0,0.43642417211456175,-2.807017773718128,0.8661129217472969,-0.4422832406370024,0.5635758278854381,-0.0421976254965643,0.03461110219910195,-0.018069259863323608,0.021251779954159535
5.70,1.8003387492996488,1.1392473585996783,0.9397361550937338,0.0,0.0,0.4395504514239041,-2.800338749299649,0.8607526414003217,-0.43973615509373376,0.5604495485760959,-0.06679024418479093,0.05360280346975163,-0.025470855432686148,0.03126279309342346
5.80,1.7906328841430386,1.1468930779822044,0.9363644513344036,0.0,0.0,0.44381129924317775,-2.7906328841430383,0.8531069220177956,-0.4363644513344036,0.556188700756822,-0.09705865156610169,0.07645719382526031,-0.03371703759330162,0.042608478192736776
5.90,1.7773855727719114,1.157170169538303,0.9320947602678852,0.0,0.0,0.44930843451541136,-2.7773855727719114,0.842829830461697,-0.4320947602678852,0.5506915654845885,-0.13247311371127052,0.10277091556098479,-0.042696910665184204,0.05497135272233617
6.00,1.7601530782069243,1.170380824322697,0.9268746717048624,0.0,0.0,0.45611286392733086,-2.7601530782069243,0.829619175677303,-0.4268746717048624,0.5438871360726694,-0.1723249456498706,0.13210654784394069,-0.05220088563022815,0.06804429411919483
6.10,1.7385744055652952,1.1867825884388967,0.9206666425074443,0.0,0.0,0.4642662435305458,-2.738574405565295,0.8132174115611033,-0.42066664250744434,0.5357337564694542,-0.21578672641629237,0.16401764116199685,-0.062080291974180274,0.08153379603214966
6.20,1.712378158594072,1.206588384143642,0.9134517925754626,0.0,0.0,0.47378241527929843,-2.7123781585940723,0.793411615856358,-0.4134517925754626,0.5262175847207016,-0.26196246971223197,0.19805795704745327,-0.07214849931981697,0.09516171748752622
6.30,1.6813852382316472,1.2299664613397234,0.9052270849262449,0.0,0.0,0.4846490625046902,-2.6813852382316474,0.7700335386602766,-0.40522708492624493,0.5153509374953096,-0.30992920362424803,0.2337807719608136,-0.082247076492177,0.10866647225391757
6.40,1.6455081219855303,1.2570397343558795,0.8960064534501561,0.0,0.0,0.49682946227556696,-2.6455081219855305,0.7429602656441205,-0.39600645345015606,0.5031705377244329,-0.35877116246116925,0.2707327301615592,-0.09220631476088924,0.12180399770876774
6.50,1.6047473652400976,1.2878842937735009,0.885819142012529,0.0,0.0,0.5102643247960823,-2.6047473652400974,0.7121157062264991,-0.385819142012529,0.4897356752039177,-0.4076075674543276,0.3084455941762142,-0.10187311437627115,0.13434862520515387
6.60,1.5591858888734051,1.3225271241090546,0.8747095743834706,0.0,0.0,0.5248737144211832,-2.5591858888734054,0.6774728758909454,-0.37470957438347063,0.475126285578817,-0.455614763666926,0.3464283033555362,-0.11109567629058373,0.14609389625100988
6.70,1.5089815593319391,1.360943222353028,0.8627360078176989,0.0,0.0,0.5405590485235856,-2.5089815593319393,0.639056777646972,-0.3627360078176989,0.4594409514764144,-0.5020432954146608,0.3841609824397332,-0.119735665657717,0.1568533410240232
6.80,1.4543585240433372,1.403052414488195,0.8499697387930287,0.0,0.0,0.5572051711025253,-2.454358524043337,0.5969475855118049,-0.34996973879302873,0.4427948288974748,-0.546230352886018,0.42109192135166984,-0.12766269024670107,0.16646122578939687
6.90,1.395597732311295,1.4487162202075798,0.8364937427116591,0.0,0.0,0.5746824983230953,-2.3955977323112947,0.5512837797924202,-0.3364937427116591,0.42531750167690463,-0.5876079173204234,0.4566380571938488,-0.1347599608136966,0.17477327220569966
7.00,1.3330270447929504,1.4977351316737697,0.822401473663508,0.0,0.0,0.5928492333431726,-2.33302704479295,0.5022648683262303,-0.322401473663508,0.4071507666568275,-0.6257068751834443,0.49018911466189824,-0.14092269048151054,0.18166735020077387
7.10,1.2670113085578587,1.5498466604624284,0.8077953710358098,0.0,0.0,0.6115536479043433,-2.2670113085578585,0.45015333953757164,-0.3077953710358098,0.3884463520956567,-0.6601573623509177,0.5211152878865866,-0.14606102627698223,0.1870441456117066
7.20,1.1979427453243388,1.6047244765779525,0.7927853728983116,0.0,0.0,0.6306364282630408,-2.1979427453243385,0.3952755234220475,-0.29278537289831164,0.369363571736959,-0.6906856323351995,0.5487781611552405,-0.15009998137498168,0.1908278035869743
7.30,1.1262319642903262,1.6619789219218564,0.7774872542079767,0.0,0.0,0.6499330831288634,-2.1262319642903265,0.33802107807814363,-0.2774872542079767,0.35006691687113634,-0.7171078103401243,0.5725444534390388,-0.15298118690334878,0.19296654865822646
7.40,1.0522998654440079,1.7211591335859695,0.7620209153441149,0.0,0.0,0.6692764113625499,-2.0522998654440077,0.2788408664140305,-0.26202091534411487,0.3307235886374502,-0.7393209884631836,0.5918021166411316,-0.15466338863861812,0.19343328233686452
7.50,0.9765706426890075,1.7817569639584425,0.7465085494932954,0.0,0.0,0.6884990272678051,-1.9765706426890075,0.21824303604155748,-0.24650854949329537,0.3115009727321949,-0.7572922275500038,0.6059783037247298,-0.1551236585081947,0.1922261590525517
7.60,0.8994660277632875,1.8432128373514396,0.7310727428433208,0.0,0.0,0.7074359413896976,-1.8994660277632875,0.1567871626485604,-0.2310727428433208,0.29256405861030244,-0.7710461492571996,0.61455873392997,-0.15435806649974546,0.18936914121892467
7.70,0.8214008358381707,1.9049236375803167,0.7158344809394154,0.0,0.0,0.7259271948079185,-1.8214008358381708,0.09507636241968331,-0.21583448093941537,0.2740728051920813,-0.7806519192511686,0.6171080022887715,-0.15238261903905384,0.18491253418220943
7.80,0.74277978280911,1.966252677107844,0.7009110856592018,0.0,0.0,0.7438205449860269,-1.74277978280911,0.033747322892156095,-0.2009110856592018,0.2561794550139731,-0.7862105302906071,0.6132903952752723,-0.14923395280213528,0.1789335017810848
7.90,0.6639954445930814,2.0265417542998168,0.6864140742108502,0.0,0.0,0.7609742013079621,-1.6639954445930814,-0.026541754299816755,-0.1864140742108502,0.23902579869203766,-0.7878433821602863,0.6028907719197278,-0.14497011448351635,0.17153656321935162
8.00,0.5854271233952721,2.0851252584958746,0.6724469523120231,0.0,0.0,0.7772596085007452,-1.5854271233952721,-0.0851252584958746,-0.17244695231202312,0.22274039149925473,-0.7856832119780921,0.5858350419605773,-0.13967121898827048,0.16285407192783036
8.10,0.507440279526201,2.141346230131722,0.6591029400922057,0.0,0.0,0.7925642762074624,-1.507440279526201,-0.1413462301317221,-0.1591029400922057,0.20743572379253772,-0.7798684386907123,0.5622097163584748,-0.13344012219817397,0.15304667706717234
8.20,0.43066328265399434,2.194574222494732,0.6464626376295808,0.0,0.0,0.8067946530374485,-1.4306632826539945,-0.19457422249473222,-0.14646263762958078,0.19320534696255143,-0.7677699687220664,0.5322799236301028,-0.1264030246262489,0.14230376829986027
8.30,0.355444250990972,2.244252823213658,0.6345916313696509,0.0,0.0,0.8198790434811327,-1.3554442509909719,-0.24425282321365804,-0.1345916313696509,0.18012095651886728,-0.7521903166302236,0.49678600718925936,-0.11871006259929909,0.13084390443684285
8.40,0.2820746469989964,2.2898887439533495,0.6235380459937516,0.0,0.0,0.8317705661353696,-1.2820746469989963,-0.2898887439533495,-0.12353804599375162,0.16822943386463063,-0.7336960399197557,0.4563592073969132,-0.11053585375899244,0.11891522654236844
8.50,0.2108278136645006,2.3310703020598638,0.6133300438998703,0.0,0.0,0.8424501517413128,-1.2108278136645005,-0.33107030205986376,-0.11333004389987034,0.15754984825868723,-0.7124683333449583,0.4118155810651433,-0.10208002093881241,0.10679585605943195
8.60,0.1419527213952657,2.367459712782573,0.6039732757272755,0.0,0.0,0.8519295795911129,-1.1419527213952656,-0.36745971278257317,-0.10397327572727555,0.14807042040888696,-0.6887509226923487,0.36389410722709264,-0.09356768172594762,0.09479427849800207
8.70,0.07566838043014998,2.398734636296889,0.5954482842910429,0.0,0.0,0.8602545509119527,-1.07566838043015,-0.3987346362968891,-0.0954482842910429,0.1397454490880472,-0.6628434096511573,0.3127492351431603,-0.085249914362326,0.0832497132083974
8.80,0.012163323931260836,2.424897777035563,0.5877078647324623,0.0,0.0,0.8675077978862973,-1.0121633239312608,-0.4248977770355631,-0.08770786473246228,0.13249220211370272,-0.6350505649888913,0.2616314073867403,-0.07740419558580663,0.07253246974344556
8.90,-0.04844076266357582,2.4461199699529246,0.5806743831817991,0.0,0.0,0.8738122270157777,-0.9515592373364242,-0.4461199699529246,-0.08067438318179909,0.12618777298422224,-0.6060408659483665,0.2122219291736143,-0.07033481550663198,0.06304429129480384
9.00,-0.10610555754838834,2.4627583581433097,0.5742370563391517,0.0,0.0,0.8793340955828878,-0.8938944424516116,-0.4627583581433097,-0.07423705633915167,0.12066590441711211,-0.5766479488481252,0.16638388190385142,-0.06437326842647363,0.055218685671101546
9.10,-0.1608956281345272,2.4753722819823203,0.5682491941042582,0.0,0.0,0.8842862200097741,-0.8391043718654728,-0.4753722819823203,-0.06824919410425823,0.1157137799902257,-0.5479007058613886,0.12613923839010585,-0.05987862234893476,0.04952124426886254
9.20,-0.21297483335438622,2.484674828662034,0.5625761237958109,0.0,0.0,0.8888962093914731,-0.7870251666456138,-0.48467482866203415,-0.0625761237958109,0.11110379060852704,-0.5207920521985899,0.09302546679713947,-0.0567307030844727,0.046099893816989604
9.30,-0.26252264879500264,2.4912879900257248,0.5572314244633041,0.0,0.0,0.8932808749869285,-0.7374773512049974,-0.49128799002572476,-0.05723142446330409,0.10671912501307146,-0.4954781544061642,0.06613161363690809,-0.053446993325068595,0.04384665595455467
9.40,-0.30971305063519183,2.495695320466136,0.552178387338913,0.0,0.0,0.8974856918727838,-0.6902869493648082,-0.49569532046613585,-0.052178387338913,0.1025143081272164,-0.471904018401892,0.04407330440411125,-0.050530371243911326,0.04204816885855332
9.50,-0.3547107833154461,2.4982683088245934,0.5474139138922204,0.0,0.0,0.9015305062893382,-0.6452892166845539,-0.4982683088245934,-0.04741391389222038,0.09846949371066183,-0.44997732680254254,0.025729883584577007,-0.04764473446692584,0.04044814416554309
9.60,-0.3976671009856907,2.4992919531901965,0.5429148184524643,0.0,0.0,0.9054258752582576,-0.6023328990143093,-0.4992919531901965,-0.042914818452464254,0.09457412474174243,-0.42956317670244604,0.010236443656032213,-0.044990954397561816,0.03895368968919416
9.70,-0.43871740688497246,2.498986120710891,0.5386720738977598,0.0,0.0,0.909178910685851,-0.5612825931150276,-0.498986120710891,-0.03867207389775984,0.090821089314149,-0.41050305899281747,-0.003058324793056094,-0.042427445547044335,0.03753035427593476
9.80,-0.4779807489237067,2.4975223488997527,0.5346688556083766,0.0,0.0,0.9127953724451656,-0.5220192510762933,-0.49752234889975266,-0.034668855608376625,0.0872046275548346,-0.39263342038734245,-0.014637718111384868,-0.040032182893832285,0.036164617593146174
9.90,-0.5155606007632485,2.4950366661145944,0.5308945083042523,0.0,0.0,0.9162804207668723,-0.4844393992367515,-0.4950366661145944,-0.030894508304252333,0.08371957923312756,-0.3757985183954184,-0.02485682785158444,-0.037743473041243286,0.03485048321706692
10.00,-0.5515463800393845,2.4916391925266166,0.5273355575327416,0.0,0.0,0.9196388893403152,-0.4484536199606155,-0.4916391925266166,-0.02733555753274164,0.08036111065968488,-0.35985779276136026,-0.03397473587978028,-0.03558950771510655,0.03358468573442873
10.10,-0.5515463800393845,2.4916391925266166,0.5273355575327416,0.0,0.0,0.9196388893403152,0.5515463800393845,-2.4916391925266166,0.9726644424672584,-0.9196388893403151,0.0,0.0,0.0,0.0
10.20,-0.5515811558137553,2.491598055951443,0.5274381102258586,0.0,0.0,0.9195862991024953,0.5515811558137553,-2.491598055951443,0.9725618897741414,-0.9195862991024955,-0.00034775774370844517,-0.00041136575173841546,0.0010255269311697753,-0.0005259023781989885
10.30,-0.5518373962116873,2.491285602621907,0.5280679844833301,0.0,0.0,0.919213899036323,0.5518373962116873,-2.491285602621907,0.9719320155166699,-0.9192138990363228,-0.0025624039793188634,-0.003124533295358576,0.006298742574715052,-0.003724000661722952
10.40,-0.5526092812925213,2.49029436318243,0.5295031608681229,0.0,0.0,0.9181614022035997,0.5526092812925213,-2.49029436318243,0.9704968391318771,-0.9181614022035998,-0.007718850808339964,-0.009912394394769729,0.014351763847927714,-0.010524968327233732
10.50,-0.5542283500656743,2.488093491415497,0.5320683166247437,0.0,0.0,0.9160730977768948,0.5542283500656743,-2.488093491415497,0.9679316833752563,-0.9160730977768949,-0.016190687731530422,-0.022008717669329533,0.02565155756620891,-0.0208830442670484
10.60,-0.5570132266823734,2.484074901326649,0.5360066630307982,0.0,0.0,0.9126316713531313,0.5570132266823734,-2.484074901326649,0.9639933369692018,-0.9126316713531315,-0.02784876616699101,-0.04018590088847884,0.039383464060545215,-0.03441426423763584
10.70,-0.5612332388533007,2.4775919016929167,0.5415582491340049,0.0,0.0,0.9075691023605842,0.5612332388533007,-2.4775919016929167,0.9584417508659951,-0.9075691023605841,-0.042200121709272356,-0.06482999633732275,0.05551586103206628,-0.05062568992547138
10.80,-0.5670821630527639,2.467991555381854,0.5489071596501415,0.0,0.0,0.9006692594747118,0.5670821630527639,-2.467991555381854,0.9510928403498585,-0.9006692594747117,-0.05848924199463243,-0.09600346311062986,0.07348910516136585,-0.0689984288587247
10.90,-0.5746599391141816,2.454642235088001,0.558213308653465,0.0,0.0,0.8917674231947982,0.5746599391141816,-2.454642235088001,0.941786691346535,-0.8917674231947981,-0.07577776061417622,-0.1334932029385286,0.0930614900332353,-0.08901836279913589
11.00,-0.5839612759353653,2.4369576668064186,0.5695909285377172,0.0,0.0,0.880748608193267,0.5839612759353653,-2.4369576668064186,0.9304090714622828,-0.880748608193267,-0.09301336821183744,-0.17684568281582463,0.11377619884252235,-0.11018815001531193
11.10,-0.5948707156498443,2.4144183508838992,0.5831218477138588,0.0,0.0,0.8675453583619575,0.5948707156498443,-2.4144183508838992,0.9168781522861412,-0.8675453583619577,-0.1090943971447898,-0.22539315922519398,0.13530919176141581,-0.13203249831309513
11.20,-0.6071640210143266,2.3865907637305,0.5988472169402532,0.0,0.0,0.8521352586056687,0.6071640210143266,-2.3865907637305,0.9011527830597468,-0.852135258605669,-0.12293305364482364,-0.2782758715339928,0.15725369226394417,-0.15410099756288714
11.30,-0.6205157732491393,2.353144267899654,0.6167736555747949,0.0,0.0,0.8345382540348304,0.6205157732491393,-2.353144267899654,0.8832263444252051,-0.8345382540348303,-0.13351752234812672,-0.3344649583084632,0.1792643863454169,-0.17597004570838393
11.40,-0.6345128833040412,2.3138652675579916,0.6368707935373283,0.0,0.0,0.8148138122638744,0.6345128833040412,-2.3138652675579916,0.8631292064626717,-0.8148138122638744,-0.1399711005490187,-0.3927900034166209,0.20097137962533468,-0.1972444177095601
11.50,-0.6486733980010744,2.268667895178487,0.6590748913759862,0.0,0.0,0.7930579447659698,0.6486733980010744,-2.268667895178487,0.8409251086240138,-0.7930579447659696,-0.14160514697033125,-0.451973723795044,0.2220409783865781,-0.2175586749790461
11.60,-0.6624695976064943,2.2176004381547263,0.6832891237660638,0.0,0.0,0.7694000960590247,0.6624695976064943,-2.2176004381547263,0.8167108762339362,-0.7694000960590248,-0.1379619960541984,-0.5106745702376074,0.2421423239007757,-0.23657848706945064
11.70,-0.6753540095184984,2.160846820897432,0.7093865141454437,0.0,0.0,0.7439999068221693,0.6753540095184984,-2.160846820897432,0.7906134858545563,-0.7439999068221694,-0.12884411912004218,-0.5675361725729415,0.2609739037938001,-0.25400189236855425
11.80,-0.6867866762486314,2.0987227308976655,0.7372116658740366,0.0,0.0,0.7170438559784577,0.6867866762486314,-2.0987227308976655,0.7627883341259634,-0.7170438559784578,-0.11432666730132945,-0.621240899997667,0.2782515172859289,-0.2695605084371169
11.90,-0.6962618731934829,2.0316663710768204,0.7665837271186665,0.0,0.0,0.6887417862961208,0.6962618731934829,-2.0316663710768204,0.7334162728813335,-0.6887417862961209,-0.0947519694485139,-0.6705635982084531,0.29372061244629927,-0.2830206968233687
12.00,-0.7033325074451066,1.9602242693278351,0.7972990068693285,0.0,0.0,0.6593233177883251,0.7033325074451066,-1.9602242693278351,0.7027009931306715,-0.6593233177883251,-0.07070634251623671,-0.7144210174898526,0.30715279750661967,-0.2941846850779576
12.10,-0.7076306468907886,1.8850330037058023,0.829134229908552,0.0,0.0,0.6290341529980404,0.7076306468907886,-1.8850330037058023,0.670865770091448,-0.6290341529980403,-0.042981394456820005,-0.7519126562203282,0.31835223039223454,-0.30289164790284645
12.20,-0.7088830010411477,1.8067980372450994,0.8618497770127751,0.0,0.0,0.598132278092996,0.7088830010411477,-1.8067980372450994,0.6381502229872249,-0.5981322780929959,-0.012523541503590446,-0.7823496646070284,0.32715547104223075,-0.30901874905044496
12.30,-0.7069206472921912,1.7262710474839504,0.8951933069742699,0.0,0.0,0.5668840635487409,0.7069206472921912,-1.7262710474839504,0.6048066930257301,-0.5668840635487409,0.019623537489564975,-0.8052698976114883,0.3334352996149483,-0.31248214544255104
12.40,-0.7016828002232023,1.6442271583290282,0.9289034868820527,0.0,0.0,0.5355602680593611,0.7016828002232023,-1.6442271583290282,0.5710965131179473,-0.5355602680593612,0.0523784706898892,-0.8204388915492218,0.33710179907782856,-0.31323795489379774
12.50,-0.693214888851672,1.5614433428452505,0.9627139864598374,0.0,0.0,0.5044319491830617,0.693214888851672,-1.5614433428452505,0.5372860135401626,-0.5044319491830618,0.08467911371530243,-0.8278381548377767,0.3381049957778474,-0.3112831887629939
12.60,-0.6816615831025623,1.4786789985464883,0.996357618852259,0.0,0.0,0.4737662841026804,0.6816615831025623,-1.4786789985464883,0.503642381147741,-0.4737662841026804,0.11553305749109732,-0.8276434429876218,0.3364363239242164,-0.3066566508038128
12.70,-0.6672556645618237,1.3966593521756638,1.0295706859384088,0.0,0.0,0.44382230375880416,0.6672556645618237,-1.3966593521756638,0.47042931406159116,-0.44382230375880427,0.1440591854073857,-0.8201964637082451,0.33213067086149867,-0.29943980343876253
12.80,-0.6503037618935218,1.3160619836761176,1.062097474867521,0.0,0.0,0.41484654349522965,0.6503037618935218,-1.3160619836761176,0.43790252513247907,-0.41484654349522954,0.16951902668301946,-0.8059736849954626,0.3252678892911209,-0.2897576026357452
12.90,-0.6311699841925601,1.2375064173729773,1.093694924551686,0.0,0.0,0.38706861324289243,0.6311699841925601,-1.2375064173729773,0.40630507544831396,-0.3870686132428922,0.1913377770096168,-0.785555663031404,0.31597449684165224,-0.2777793025233723
13.00,-0.6102584164051281,1.1615600985506835,1.124137435617025,0.0,0.0,0.3606966901588578,0.6102584164051281,-1.1615600985506835,0.37586256438297494,-0.36069669015885797,0.20911567787431923,-0.7594631882229377,0.3044251106533904,-0.26371923084034654
13.10,-0.5879960011336713,1.0890023815534307,1.1532218269898766,0.0,0.0,0.3359129365314314,0.5879960011336713,-1.0890023815534307,0.34677817301012337,-0.3359129365314315,0.22262415271456779,-0.7255771699725299,0.2908439137285155,-0.24783753627426414
13.20,-0.5648279226637433,1.0201940894664372,1.1807724240545445,0.0,0.0,0.3128688456607084,0.5648279226637433,-1.0201940894664372,0.3192275759454555,-0.3128688456607085,0.2316807846992809,-0.6880829208699353,0.2755059706466794,-0.23044090870722997
13.30,-0.5411795262184075,0.9554252699806948,1.2066462756642293,0.0,0.0,0.29168051832583924,0.5411795262184075,-0.9554252699806948,0.29335372433577067,-0.2916805183258391,0.23648396445335756,-0.6476881948574242,0.2587385160968486,-0.21188327334869161
13.40,-0.5174448928204678,0.8949108787015789,1.230738490048478,0.0,0.0,0.27242387235578536,0.5174448928204678,-0.8949108787015789,0.2692615099515221,-0.27242387235578525,0.2373463339793969,-0.6051439127911586,0.24092214384248545,-0.19256645970053876
13.50,-0.4939762496799766,0.8387860796015417,1.2529876849040114,0.0,0.0,0.2551297877292674,0.4939762496799766,-0.8387860796015417,0.24701231509598864,-0.2551297877292673,0.23468643140491208,-0.5612479910003719,0.22249194855533383,-0.1729408462651796
13.60,-0.47107485286281314,0.7871007234163582,1.2733815441896488,0.0,0.0,0.2397791895418072,0.47107485286281314,-0.7871007234163582,0.22661845581035123,-0.2397791895418071,0.22901396817163444,-0.516853561851836,0.2039385928563745,-0.1535059818746024
13.70,-0.44898383513073664,0.7398126277169851,1.2919624764682758,0.0,0.0,0.2262980710931833,0.44898383513073664,-0.7398126277169851,0.20803752353172422,-0.22629807109318323,0.22091017732076504,-0.4728809569937309,0.18580932278627105,-0.1348111844862388
13.80,-0.4278833550958827,0.6967793873653088,1.308833368679952,0.0,0.0,0.21455245926705163,0.4278833550958827,-0.6967793873653088,0.19116663132004796,-0.2145524592670518,0.21100480034853925,-0.4303324035167631,0.1687089221167617,-0.11745611826131665
13.90,-0.4078881942034214,0.657748574536813,1.3241634303408234,0.0,0.0,0.204343324295893,0.4078881942034214,-0.657748574536813,0.1758365696591766,-0.20434332429589297,0.1999516089246135,-0.39030812828495764,0.15330061660871316,-0.10209134971158644
14.00,-0.38904770462120286,0.622346328939539,1.3381941229243075,0.0,0.0,0.19540143592871045,0.38904770462120286,-0.622346328939539,0.1618058770756925,-0.1954014359287104,0.1884048958221848,-0.3540224559727402,0.14030692583484153,-0.08941888367182549
14.10,-0.37134769452894273,0.5900644788289313,1.3512451697801944,0.0,0.0,0.18738216794588164,0.37134769452894273,-0.5900644788289313,0.14875483021980562,-0.18738216794588158,0.17700010092260138,-0.32281850110607635,0.1305104685588693,-0.08019267982828822
14.20,-0.3547152001209234,0.5603043742972565,1.3636101012879414,0.0,0.0,0.17991693947764537,0.3547152001209234,-0.5603043742972565,0.13638989871205864,-0.17991693947764542,0.1663249440801933,-0.29760104531674814,0.12364931507746879,-0.07465228468236265
14.30,-0.3390384047029189,0.532594146184464,1.375259320772767,0.0,0.0,0.17281659114347503,0.3390384047029189,-0.532594146184464,0.12474067922723298,-0.17281659114347514,0.15676795418004494,-0.2771022811279257,0.11649219484825762,-0.07100348334170345
14.40,-0.3242041309261648,0.5065975953538109,1.3862728380662448,0.0,0.0,0.16600748246209254,0.3242041309261648,-0.5065975953538109,0.1137271619337552,-0.16600748246209251,0.14834273776754134,-0.25996550830653165,0.1101351729347777,-0.06809108681382481
14.50,-0.3101142121016718,0.48207045556283074,1.3966574066747306,0.0,0.0,0.15945747524275616,0.3101142121016718,-0.48207045556283074,0.1033425933252694,-0.159457475242756,0.14089918824492995,-0.24527139790980168,0.10384568608485736,-0.06550007219336365
14.60,-0.29668784060313874,0.4588318180971634,1.4064635617080232,0.0,0.0,0.15314947387587582,0.29668784060313874,-0.4588318180971634,0.09353643829197678,-0.15314947387587585,0.13426371498533057,-0.2323863746566732,0.09806155033292552,-0.06308001366880349
14.70,-0.28385968605095097,0.43674489977827957,1.415710978533736,0.0,0.0,0.14707196163092476,0.28385968605095097,-0.43674489977827957,0.08428902146626394,-0.14707196163092462,0.1282815455218778,-0.22086918318883803,0.09247416825712773,-0.06077512244951078
14.80,-0.2715770798405964,0.41570388931334434,1.4244363278185985,0.0,0.0,0.14121561120480453,0.2715770798405964,-0.41570388931334434,0.07556367218140148,-0.14121561120480441,0.12282606210354535,-0.2104101046493525,0.08725349284862374,-0.058563504261202326
14.90,-0.25979733075827427,0.39562487607824215,1.43266283363723,0.0,0.0,0.13557206633078261,0.25979733075827427,-0.39562487607824215,0.06733716636276998,-0.13557206633078245,0.11779749082322141,-0.20079013235102222,0.08226505818631477,-0.05643544874021918
15.00,-0.24848546535166605,0.3764395673832564,1.4404198646868271,0.0,0.0,0.13013349952981032,0.24848546535166605,-0.3764395673832564,0.059580135313172855,-0.13013349952981024,0.11311865406608235,-0.19185308694985742,0.07757031049597127,-0.054385668009722846
15.10,-0.23761242380307498,0.35809092596215975,1.4477305416011357,0.0,0.0,0.12489244748388056,0.23761242380307498,-0.35809092596215975,0.05226945839886432,-0.12489244748388062,0.1087304154859105,-0.18348641421096668,0.07310676914308568,-0.052410520459297484
15.20,-0.22715365867368806,0.3405301344671942,1.4546197788719057,0.0,0.0,0.1198471408834639,0.22715365867368806,-0.3405301344671942,0.045380221128094256,-0.11984714088346404,0.10458765129386928,-0.17560791494965555,0.06889237270769964,-0.05045306600416663
15.30,-0.21708834094044374,0.32371433860716914,1.4611092603786242,0.0,0.0,0.1149952240317174,0.21708834094044374,-0.32371433860716914,0.03889073962137579,-0.11499522403171758,0.10065317733244325,-0.168157958600251,0.06489481506718514,-0.04851916851746499
15.40,-0.20739838115413084,0.30760523678988,1.467220759784799,0.0,0.0,0.11032627925795536,0.20739838115413084,-0.30760523678988,0.032779240215200955,-0.11032627925795557,0.09689959786312896,-0.16109101817289123,0.06111499406174728,-0.046689447737620314
15.50,-0.1980673734377099,0.2921682695541626,1.4729741219028547,0.0,0.0,0.10583233155359029,0.1980673734377099,-0.2921682695541626,0.027025878097145295,-0.10583233155359029,0.09331007716420957,-0.15436967235717425,0.05753362118055583,-0.044939477043650825
15.60,-0.18908037545022693,0.2773717803608418,1.478388650884454,0.0,0.0,0.1015064375860026,0.18908037545022693,-0.2773717803608418,0.021611349115546075,-0.10150643758600264,0.08986997987482964,-0.14796489193320778,0.054145289815992384,-0.04325893967587683
15.70,-0.18042365279580466,0.2631864515614145,1.4834823159290595,0.0,0.0,0.09734217555908836,0.18042365279580466,-0.2631864515614145,0.016517684070940453,-0.09734217555908842,0.08656722654422273,-0.1418532879942732,0.050936650446056164,-0.041642620269142394
15.80,-0.17208445810663137,0.2495849097111706,1.4882723469786576,0.0,0.0,0.09333345720841174,0.17208445810663137,-0.2495849097111706,0.011727653021342377,-0.09333345720841191,0.08339194689173302,-0.1360154185024392,0.04790031049597965,-0.04008718350676628
15.90,-0.16405085645301293,0.23654144103468996,1.4927749374427173,0.0,0.0,0.08947445512277706,0.16405085645301293,-0.23654144103468996,0.007225062557282724,-0.08947445512277685,0.0803360165361845,-0.13043468676480632,0.04502590464059761,-0.03859002085634686
16.00,-0.15631159190973803,0.22403178103344018,1.49700551326174,0.0,0.0,0.08575957148237222,0.15631159190973803,-0.22403178103344018,0.0029944867382600826,-0.08575957148237201,0.0773926454327488,-0.12509660001249773,0.04230575819022675,-0.03714883640404845
16.10,-0.14885598673911193,0.2120329550713456,1.5009786358752732,0.0,0.0,0.08218342179449602,0.14885598673911193,-0.2120329550713456,-0.0009786358752732482,-0.08218342179449589,0.07455605170626108,-0.11998825962094593,0.039731226135332254,-0.035761496878761956
16.20,-0.14167386527938897,0.20052315453459704,1.5047081352420466,0.0,0.0,0.07874082417879867,0.14167386527938897,-0.20052315453459704,-0.004708135242046607,-0.0787408241787988,0.07182121459722957,-0.1150980053674854,0.037294993667732604,-0.034425976156973404
16.30,-0.1347554961689509,0.1894816381277469,1.508207092112005,0.0,0.0,0.07542679081870753,0.1347554961689509,-0.1894816381277469,-0.008207092112004988,-0.07542679081870762,0.06918369110438068,-0.11041516406850135,0.0349895686995827,-0.033140333600911426
16.40,-0.12809154804806724,0.17888865115551564,1.5114879131193668,0.0,0.0,0.0722365203631872,0.12809154804806724,-0.17888865115551564,-0.01148791311936681,-0.0722365203631874,0.06663948120883675,-0.10592986972231264,0.03280821007361816,-0.03190270455520326
16.50,-0.12167305512361608,0.16872535785701945,1.5145623432130548,0.0,0.0,0.06916539083777168,0.12167305512361608,-0.16872535785701945,-0.01456234321305483,-0.06916539083777185,0.06418492924451169,-0.10163293298496198,0.03074430093688075,-0.03071129525415526
16.60,-0.11549138994129275,0.15897378336960388,1.5174415149710079,0.0,0.0,0.06620895290092223,0.11549138994129275,-0.15897378336960388,-0.017441514971007877,-0.06620895290092221,0.061816651823233294,-0.09751574487415551,0.028791717579531112,-0.029564379368494563
16.70,-0.10953824142839637,0.14961676293403406,1.52013597134263,0.0,0.0,0.06336292338102395,0.10953824142839637,-0.14961676293403406,-0.0201359713426299,-0.06336292338102378,0.05953148512896387,-0.09357020435569834,0.02694456371621983,-0.02846029519898284
16.80,-0.10380559680061867,0.14063789666372034,1.5226557025318141,0.0,0.0,0.06062317906503442,0.10380559680061867,-0.14063789666372034,-0.022655702531814148,-0.06062317906503445,0.057326446277776985,-0.08978866270313723,0.02519731189184292,-0.027397443159895285
16.90,-0.09828572631431316,0.13202150869040513,1.5250101711495172,0.0,0.0,0.05798575072277313,0.09828572631431316,-0.13202150869040513,-0.025010171149517202,-0.05798575072277323,0.05519870486305509,-0.0861638797331522,0.023544686177030795,-0.02637428342261294
17.00,-0.09297117012809672,0.1237526098369387,1.527208342311419,0.0,0.0,0.05544681735568866,0.09297117012809672,-0.1237526098369387,-0.02720834231141911,-0.05544681735568879,0.05314556186216447,-0.08268898853466435,0.021981711619018775,-0.0253893336708447
17.10,-0.08785472674230684,0.11581686320200439,1.5292587081567623,0.0,0.0,0.05300270066087506,0.08785472674230684,-0.11581686320200439,-0.029258708156762347,-0.05300270066087487,0.05116443385789879,-0.0793574663493431,0.02050365845343239,-0.024441166948135997
17.20,-0.08292944263274812,0.10820055220448133,1.531169313640981,0.0,0.0,0.050649859701998305,0.08292944263274812,-0.10820055220448133,-0.031169313640980967,-0.05064985970199842,0.04925284109558711,-0.07616310997523071,0.019106054842187074,-0.023528409588767597
17.30,-0.07818860280180448,0.1008905507488764,1.53294777934254,0.0,0.0,0.04838488577929662,0.07818860280180448,-0.1008905507488764,-0.032947779342539896,-0.04838488577929656,0.04740839830943647,-0.07310001455604931,0.017784657015588325,-0.022649739227016796
17.40,-0.07362572204674152,0.0938742952532168,1.5346013241200647,0.0,0.0,0.046204497491184195,0.07362572204674152,-0.0938742952532168,-0.03460132412006467,-0.04620449749118416,0.04562880755062962,-0.07016255495659601,0.016535447775247215,-0.021803882881124306
17.50,-0.06923453680017859,0.08713975833746128,1.5361367859149613,0.0,0.0,0.04410553598028509,0.06923453680017859,-0.08713975833746128,-0.03613678591496128,-0.044105535980285104,0.043911852465629314,-0.06734536915755532,0.01535461794896685,-0.020989615108991066
17.60,-0.06500899743730588,0.08067542401105963,1.5375606418912133,0.0,0.0,0.042084960357008934,0.06500899743730588,-0.08067542401105963,-0.03756064189121333,-0.04208496035700904,0.042255393628727,-0.06464334326401638,0.014238559762519545,-0.020205756232761534
17.70,-0.0609432609728305,0.07447026422770325,1.538879027247514,0.0,0.0,0.04013984329403369,0.0609432609728305,-0.07447026422770325,-0.03887902724751391,-0.04013984329403364,0.04065736464475383,-0.06205159783356384,0.013183853563005117,-0.01945117062975245
17.80,-0.057031684091011815,0.06851371669695502,1.5400977532183573,0.0,0.0,0.03826736678531345,0.057031684091011815,-0.06851371669695502,-0.04009775321835729,-0.038267366785313506,0.039115768818186854,-0.059565475307482275,0.012187259708433283,-0.018724765087202368
17.90,-0.05326881646676585,0.06279566385865733,1.5412223240208158,0.0,0.0,0.03646481806346613,0.05326881646676585,-0.06279566385865733,-0.041222324020815826,-0.03646481806346635,0.03762867624245966,-0.05718052838297702,0.011245708024586215,-0.018025487218473225
18.00,-0.049649394346313776,0.05730641293839445,1.5422579529848428,0.0,0.0,0.0347295856696274,0.049649394346313776,-0.05730641293839445,-0.042257952984842806,-0.03472958566962747,0.03619422120452075,-0.054892509202628725,0.010356289640270237,-0.017352323938387322
18.10,-0.046168334363395215,0.05203667701194035,1.5432095777931383,0.0,0.0,0.03305915567007587,0.046168334363395215,-0.05203667701194035,-0.043209577793138276,-0.03305915567007567,0.0348105998291856,-0.052697359264541055,0.009516248082953843,-0.016704299995515304
18.20,-0.04282072757250175,0.04697755701431825,1.5440818749518086,0.0,0.0,0.031451108014148424,0.04282072757250175,-0.04697755701431825,-0.0440818749518086,-0.03145110801414841,0.033476067908934634,-0.05059119997622097,0.008722971586702322,-0.016080476559274456
18.30,-0.039601833684511756,0.04212052463536943,1.5448792734844254,0.0,0.0,0.029903113028169753,0.039601833684511756,-0.04212052463536943,-0.04487927348442544,-0.029903113028169948,0.03218893887989992,-0.04857032378948817,0.007973985326168428,-0.0154799498597867
18.40,-0.036507075492953726,0.03745740604894403,1.545605967920625,0.0,0.0,0.028412928040316938,0.036507075492953726,-0.03745740604894403,-0.0456059679206251,-0.02841292804031692,0.03094758191558028,-0.04663118586425405,0.007266944361997041,-0.014901849878528155
18.50,-0.033532033481198625,0.032980366427249753,1.5462659305967186,0.0,0.0,0.026978394131528038,0.033532033481198625,-0.032980366427249753,-0.046265930596718574,-0.026978394131528027,0.029750420117550996,-0.04477039621694276,0.0065996267609354856,-0.014345339087888993
18.60,-0.030672440602401617,0.02868189519570851,1.5468629233167892,0.0,0.0,0.025597433007747982,0.030672440602401617,-0.02868189519570851,-0.04686292331678921,-0.025597433007748194,0.028595928787970095,-0.04298471231541241,0.005969927200705383,-0.01380961123780056
18.70,-0.02792417722513615,0.02455479198700869,1.547400508399813,0.0,0.0,0.024268043988981608,0.02792417722513615,-0.02455479198700869,-0.047400508399813024,-0.024268043988981525,0.02748263377265465,-0.04127103208699821,0.0053758508302374775,-0.013293890187663754
18.80,-0.025283266238500593,0.020592153255997902,1.5478820591500426,0.0,0.0,0.022988301110790522,0.025283266238500593,-0.020592153255997902,-0.04788205915004262,-0.02298830111079031,0.02640910986635557,-0.03962638731010786,0.004815507502296049,-0.012797428781910852
18.90,-0.022745868311108964,0.016787359519707314,1.5483107697776057,0.0,0.0,0.021756350334033867,0.022745868311108964,-0.016787359519707314,-0.04831076977760573,-0.02175635033403367,0.025373979273916297,-0.038047937362905876,0.004287106275631426,-0.012319507767566545
19.00,-0.020308277298860193,0.01313406318918647,1.5486896648001904,0.0,0.0,0.020570406858812763,0.020308277298860193,-0.01313406318918647,-0.048689664800190435,-0.020570406858812618,0.024375910122487722,-0.03653296330520843,0.0037889502258463895,-0.011859434752211023
19.10,-0.017966915796755197,0.009626176961996738,1.5490216079516634,0.0,0.0,0.019428752538725183,0.017966915796755197,-0.009626176961996738,-0.04902160795166344,-0.019428752538725114,0.023413615021049973,-0.03507886227189732,0.003319431514730624,-0.011416543200875802
19.20,-0.01571833083032748,0.006257862746192403,1.5493093106242948,0.0,0.0,0.018329733391685626,0.01571833083032748,-0.006257862746192403,-0.04930931062429478,-0.018329733391685643,0.02248584966427718,-0.03368314215804334,0.0028770267263145133,-0.010990191470395577
19.30,-0.013559189682491781,0.003023521088435626,1.5495553398684687,0.0,0.0,0.017271757203703532,0.013559189682491781,-0.003023521088435626,-0.04955533986846872,-0.01727175720370333,0.021591411478356984,-0.03234341657756777,0.0024602924417387873,-0.010579761879820944
19.40,-0.011486275851811858,-8.221891943595511e-05,1.549762125973405,0.0,0.0,0.01625329122214889,0.011486275851811858,8.221891943595511e-05,-0.0497621259734049,-0.016253291222148913,0.02072913830679924,-0.03105740007871581,0.0020678610493614982,-0.010184659815546424
19.50,-0.009496485138353584,-0.003064509279525934,1.5499319696506113,0.0,0.0,0.015272859935162439,0.009496485138353584,0.003064509279525934,-0.04993196965061131,-0.015272859935162586,0.019897907134582726,-0.029822903600899786,0.0016984367720646043,-0.009804312869864513
19.60,-0.00758682185343134,-0.005927416559681122,1.5500670488410144,0.0,0.0,0.014329042933995152,0.00758682185343134,0.005927416559681122,-0.05006704884101443,-0.014329042933995062,0.019096632849222448,-0.028629072801551882,0.0013507919040319852,-0.009438170011672855
19.70,-0.005754396910167652,-0.008674935058345273,1.5501694251653866,0.0,0.0,0.01342047285517781,0.005754396910167652,0.008674935058345273,-0.05016942516538658,-0.013420472855177668,0.01832424943263688,-0.027475184986641504,0.0010237632437204505,-0.009085700788173431
19.80,-0.00399642313777676,-0.011310993208026917,1.5502410500368078,0.0,0.0,0.012545833399540398,0.00399642313777676,0.011310993208026917,-0.05024105003680779,-0.012545833399540296,0.01757973772390892,-0.026360581496816443,0.0007162487142109986,-0.008746394556374118
19.90,-0.0023102111372167323,-0.013839433430086872,1.5502837704528278,0.0,0.0,0.011703857425212147,0.0023102111372167323,0.013839433430086872,-0.050283770452827836,-0.011703857425211961,0.01686212000560028,-0.02528440222059955,0.00042720416020103347,-0.00841975974328251
20.00,-0.0006931655835118319,-0.01626399946971163,1.5502993344841243,0.0,0.0,0.010893325111838171,0.0006931655835118319,0.01626399946971163,-0.05029933448412427,-0.010893325111838159,0.016170455537049003,-0.024245660396247558,0.000155640312965305,-0.008105323133739756
20.10,0.0008572181629753351,-0.018588328914570202,1.550289396475538,0.0,0.0,0.010113062193353346,-0.0008572181629753351,0.018588328914570202,-0.050289396475537984,-0.010113062193353173,0.015503837464871668,-0.02324329444858573,-9.93800858624383e-05,-0.007802629184848255
20.20,0.002343357223246331,-0.02081594929080285,1.5502555219745595,0.0,0.0,0.009361938256754148,-0.002343357223246331,0.02081594929080285,-0.050255521974559514,-0.009361938256754243,0.014861390602709955,-0.022276203762326474,-0.0003387450097841402,-0.00751123936599199
20.30,0.00376758419905772,-0.022950276613412514,1.5501991924015346,0.0,0.0,0.008638865104401825,-0.00376758419905772,0.022950276613412514,-0.05019919240153459,-0.008638865104401816,0.014242269758113886,-0.02134327322609662,-0.0005632957302490402,-0.007230731523523222
20.40,0.005132150039402523,-0.024994615606691466,1.5501218094751188,0.0,0.0,0.007942795177487019,-0.005132150039402523,0.024994615606691466,-0.050121809475118795,-0.007942795177486861,0.013645658403448026,-0.020443389932789515,-0.0007738292641576439,-0.006960699269148052
20.50,0.006439226795759653,-0.026952161047380043,1.5500246994057991,0.0,0.0,0.007272720038368694,-0.006439226795759653,0.026952161047380043,-0.05002469940579912,-0.007272720038368874,0.013070767563571298,-0.019575454406885767,-0.0009711006931976129,-0.0067007513911832425
20.60,0.0076909102798767654,-0.028825999849212226,1.549909116869629,0.0,0.0,0.006627668909591018,-0.0076909102798767654,0.028825999849212226,-0.04990911686962907,-0.006627668909591211,0.012516834841171123,-0.018738388018321825,-0.0011558253617010572,-0.006450511287776767
20.70,0.008889222632976436,-0.03061911362365047,1.5497762487736906,0.0,0.0,0.006006707267461303,-0.008889222632976436,0.03061911362365047,-0.04977624877369058,-0.00600670726746122,0.0119831235309967,-0.017931137744382437,-0.0013286809593857293,-0.006209616421297148
20.80,0.010036114812302876,-0.03233438153287166,1.5496272178241879,0.0,0.0,0.00540893548814971,-0.010036114812302876,0.03233438153287166,-0.049627217824187886,-0.005408935488149691,0.011468921793264409,-0.01715267909221188,-0.001490309495026175,-0.0059777177931159275
20.90,0.011133468999136803,-0.03397458330789185,1.5494630859075147,0.0,0.0,0.004833487544350906,-0.011133468999136803,0.03397458330789185,-0.04946308590751469,-0.004833487544350756,0.010973541868339268,-0.01640201775020186,-0.0016413191667317487,-0.005754479437988033
21.00,0.012183100931345087,-0.035542402344433704,1.5492848572940852,0.0,0.0,0.004279529750619747,-0.012183100931345087,0.035542402344433704,-0.04928485729408516,-0.004279529750619737,0.010496319322082826,-0.0156781903654186,-0.0017822861342956728,-0.005539577937311597
21.10,0.013186762162914248,-0.037040428816877684,1.549093481674217,0.0,0.0,0.003746259555561304,-0.013186762162914248,0.037040428816877684,-0.04909348167421701,-0.0037462595555615152,0.01003661231569161,-0.01498026472443981,-0.0019137561986807897,-0.005332701950584428
21.20,0.014146142252565134,-0.03847116276998928,1.5488898570348595,0.0,0.0,0.0032329043791276446,-0.014146142252565134,0.03847116276998928,-0.048889857034859485,-0.00323290437912771,0.00959380089650886,-0.014307339531115938,-0.0020362463935746714,-0.005133551764336593
21.30,0.01506287088335058,-0.03983701716159759,1.5486748323855035,0.0,0.0,0.0027387204933354524,-0.01506287088335058,0.03983701716159759,-0.04867483238550352,-0.002738720493335567,0.009167286307854445,-0.013658543916083178,-0.002150246493559778,-0.004941838857921921
21.40,0.015938519915031774,-0.04114032083877683,1.5484492103411738,0.0,0.0,0.002262991944782867,-0.015938519915031774,0.04114032083877683,-0.048449210341173776,-0.002262991944782744,0.008756490316811945,-0.013033036771792378,-0.002256220443297187,-0.00475728548552585
21.50,0.016774605370972084,-0.04238332143658675,1.5482137495699884,0.0,0.0,0.0018050295174060768,-0.016774605370972084,0.04238332143658675,-0.04821374956998836,-0.0018050295174059094,0.008360854559403092,-0.012430005978099188,-0.0023546077118541744,-0.004579624273767904
21.60,0.017572589361255487,-0.04356818819292499,1.547969167112379,0.0,0.0,0.0013641697339707346,-0.017572589361255487,0.04356818819292499,-0.047969167112378974,-0.0013641697339705772,0.007979839902834037,-0.011848667563382383,-0.0024458245760946434,-0.004408597834353422
21.70,0.018333881943716955,-0.044697014676137875,1.547716140578695,0.0,0.0,0.0009397738948536795,-0.018333881943716955,0.044697014676137875,-0.047716140578695,-0.0009397738948537793,0.007612925824614688,-0.011288264832128848,-0.002530265336840448,-0.004243958391170551
21.80,0.01905984292455632,-0.04577182142415093,1.5474553102315611,0.0,0.0,0.0005312271527208303,-0.01905984292455632,0.04577182142415093,-0.04745531023156113,-0.0005312271527206924,0.0072596098083936595,-0.010748067480130536,-0.002608303471338509,-0.004085467421328492
21.90,0.019751783600191537,-0.04679455849531178,1.5471872809590252,0.0,0.0,0.00013793762176191808,-0.019751783600191537,0.04679455849531178,-0.047187280959025246,-0.00013793762176206315,0.006919406756352175,-0.010227370711608483,-0.0026802927253577816,-0.003932895309589122
22.00,0.020410968441989773,-0.047767107932094044,1.546912624144217,0.0,0.0,-0.00024066447981033797,-0.020410968441989773,0.047767107932094044,-0.04691262414421704,0.0002406644798105262,0.0065918484179823406,-0.00972549436782267,-0.002746568148081989,-0.00378602101572256
22.10,0.021038616725494723,-0.04869128613943613,1.5466318794369376,0.0,0.0,-0.0006051035887876418,-0.021038616725494723,0.04869128613943613,-0.046631879436937584,0.0006051035887875145,0.006276482835049514,-0.009241782073420832,-0.002807447072793609,-0.0036443910897730374
22.20,0.02163590427011021,-0.04956884610874791,1.5463455564323194,0.0,0.0,-0.0009558804258517732,-0.02163590427011021,0.04956884610874791,-0.04634555643231941,0.0009558804258515963,0.005972875446154852,-0.008775599693117845,-0.0028632300461821428,-0.003507768370641314
22.30,0.022203964954852516,-0.05040147963208788,1.5460541362614204,0.0,0.0,-0.0012934855664967708,-0.022203964954852516,0.05040147963208788,-0.04605413626142041,0.001293485566496777,0.005680606847423065,-0.008326335233399674,-0.002914201708990233,-0.0033760514064499754
22.40,0.022743892096686036,-0.051190819477112744,1.5457580730983707,0.0,0.0,-0.0016183946832711788,-0.022743892096686036,0.051190819477112744,-0.045758073098370655,0.0016183946832710738,0.005399271418335204,-0.007893398450248647,-0.002960631630497604,-0.0032490911677440807
22.50,0.02325673983731174,-0.05193844146310705,1.5454577955884377,0.0,0.0,-0.0019310672535529537,-0.02325673983731174,0.05193844146310705,-0.045457795588437655,0.001931067253552854,0.005128477406257017,-0.007476219859943008,-0.003002775099330321,-0.0031267257028177483
22.60,0.02374352450318833,-0.05264586645536585,1.545153708201157,0.0,0.0,-0.002231946491056932,-0.02374352450318833,0.05264586645536585,-0.04515370820115705,0.0022319464910567355,0.004867846658765889,-0.007074249922588037,-0.0030408738728053344,-0.0030087923750397837
22.70,0.024205225926899204,-0.0533145622859012,1.5448461925124521,0.0,0.0,-0.0025214597004439344,-0.024205225926899204,0.0533145622859012,-0.04484619251245214,0.002521459700444151,0.004617014237108731,-0.006686958305353543,-0.003075156887048354,-0.0028951320938700254
22.80,0.024642788726477224,-0.05394594560494951,1.5445356084194624,0.0,0.0,-0.0028000187694175475,-0.024642788726477224,0.05394594560494951,-0.04453560841946236,0.0028000187694177114,0.004375627995780194,-0.006313833190483098,-0.003105840929897255,-0.0027855906897361303
22.90,0.025057123542363113,-0.05454138366642735,1.544222295291607,0.0,0.0,-0.0030680206967358442,-0.025057123542363113,0.05454138366642735,-0.04422229529160693,0.0030680206967357293,0.004143348158858884,-0.005954380614778393,-0.0031331312785538995,-0.002680019273182966
23.00,0.025449108232753526,-0.05510219604995271,1.5439065730612231,0.0,0.0,-0.0033258481203133454,-0.025449108232753526,0.05510219604995271,-0.04390657306122314,0.003325848120313335,0.003919846903904135,-0.005608123835253581,-0.0031572223038374564,-0.002578274235775014
23.10,0.02581958902845546,-0.05562965632180988,1.5435887432569457,0.0,0.0,-0.0035738698330747545,-0.02581958902845546,0.05562965632180988,-0.04358874325694573,0.0035738698330747276,0.0037048079570193453,-0.005274602718571676,-0.0031782980427733226,-0.0024802171276140914
23.20,0.02616938164846556,-0.05612499363710273,1.5432690899828267,0.0,0.0,-0.0038124412825943123,-0.02616938164846556,0.05612499363710273,-0.04326908998282675,0.003812441282594392,0.0034979262001010054,-0.0049533731529285314,-0.0031965327411897088,-0.002385714495195577
23.30,0.026499272377503515,-0.056589394285245176,1.5429478808460384,0.0,0.0,-0.0040419050535302125,-0.026499272377503515,0.056589394285245176,-0.0429478808460384,0.004041905053530304,0.0032989072903795553,-0.004644006481424448,-0.0032120913678839458,-0.002294637709359004
23.40,0.026810019106708216,-0.05702400318085504,1.5426253678358537,0.0,0.0,-0.0042625913329153355,-0.026810019106708216,0.05702400318085504,-0.04262536783585369,0.004262591332915289,0.0031074672920470064,-0.004346088956098657,-0.0032251301018477035,-0.0022068627938512343
23.50,0.027102352338675067,-0.057429925302040684,1.5423017881564565,0.0,0.0,-0.00447481835872226,-0.027102352338675067,0.057429925302040684,-0.042301788156456466,0.00447481835872221,0.0029233323196685163,-0.0040592212118564265,-0.0032357967939716376,-0.0021222702580692508
23.60,0.027376976157980282,-0.057808227077995385,1.5419773650160014,0.0,0.0,-0.004678892852236303,-0.027376976157980282,0.057808227077995385,-0.041977365016001356,0.004678892852236327,0.0027462381930521396,-0.003783017759547,-0.00324423140455099,-0.0020407449351404266
23.70,0.027634569168305357,-0.058159937727742764,1.5416523083742137,0.0,0.0,-0.004875110434797114,-0.027634569168305357,0.058159937727742764,-0.04165230837421374,0.0048751104347970475,0.0025759301032507575,-0.0035171064974737574,-0.00325056641787657,-0.0019621758256081158
23.80,0.027875785397243193,-0.0584860505518068,1.541326815650705,0.0,0.0,-0.005063756029464793,-0.027875785397243193,0.0584860505518068,-0.04132681565070495,0.005063756029464628,0.0024121622893783666,-0.0032611282406403526,-0.0032549272350876485,-0.0018864559466767847
23.90,0.028101255169836258,-0.05878752417851272,1.5410010723960592,0.0,0.0,-0.005245104248152703,-0.028101255169836258,0.05878752417851272,-0.04100107239605921,0.005245104248152721,0.002254697725930633,-0.0030147362670592086,-0.0032574325464574325,-0.0018134821868791063
24.00,0.028311585951867158,-0.059065283766560076,1.5406752529276433,0.0,0.0,-0.005419419764752206,-0.028311585951867158,0.059065283766560076,-0.04067525292764329,0.005419419764752131,0.0021033078203089852,-0.002777595880473581,-0.003258194684158486,-0.0017431551659950351
24.10,0.028507363163892553,-0.05932022216544682,1.540349520931989,0.0,0.0,-0.005586957674755905,-0.028507363163892553,0.05932022216544682,-0.04034952093198907,0.005586957674756032,0.001957772120253938,-0.00254938398886746,-0.0032573199565426036,-0.0016753791000369924
24.20,0.028689150966982668,-0.059553201035263154,1.5400240300354977,0.0,0.0,-0.005747963841866506,-0.028689150966982668,0.059553201035263154,-0.040024030035497704,0.00574796384186671,0.0018178780309011293,-0.002329788698163331,-0.0032549089649145033,-0.0016100616711060111
24.30,0.02885749302110065,-0.05976505192731617,1.5396989243451293,0.0,0.0,-0.005902675232064316,-0.02885749302110065,0.05976505192731617,-0.03969892434512934,0.005902675232064336,0.0016834205411798344,-0.00211850892053017,-0.0032510569036842546,-0.0015471139019780974
24.40,0.0290129132170286,-0.05995657732699094,1.5393743389606478,0.0,0.0,-0.0060513202355852,-0.0290129132170286,0.05995657732699094,-0.03937433896064779,0.006051320235585411,0.001554201959279513,-0.0019152539967477351,-0.0032458538448149193,-0.0014864500352088348
24.50,0.029155916382720262,-0.0601285516602006,1.539050400459914,0.0,0.0,-0.006194118977247267,-0.029155916382720262,0.0601285516602006,-0.039050400459913925,0.00619411897724742,0.0014300316569166123,-0.0017197433320965696,-0.0032393850073394737,-0.001427987416620673
24.60,0.029286988964934188,-0.06028172226472689,1.5387272273586368,0.0,0.0,-0.006331283615548868,-0.029286988964934188,0.06028172226472689,-0.03872722735863676,0.0063312836155486885,0.0013107258221392692,-0.0015317060452629244,-0.003231731012770994,-0.0013716463830160156
24.70,0.02940659968697551,-0.06041681032770396,1.5384049305459264,0.0,0.0,-0.006463018630942189,-0.02940659968697551,0.06041681032770396,-0.03840493054592642,0.00646301863094223,0.0011961072204132032,-0.001350880629770769,-0.003222968127103154,-0.001317350153933214
24.80,0.029515200183349372,-0.06053451179045108,1.5380836136969103,0.0,0.0,-0.006589521103675415,-0.029515200183349372,0.06053451179045108,-0.03808361369691027,0.006589521103675278,0.0010860049637386082,-0.0011770146274711346,-0.003213168490161143,-0.0012650247273322515
24.90,0.029613225612104634,-0.06063549822181501,1.5377633736636218,0.0,0.0,-0.006710980981581913,-0.029613225612104634,0.06063549822181501,-0.03776337366362181,0.006710980981581738,0.0009802542875526074,-0.0010098643136392943,-0.0032024003328854286,-0.0012145987790649878
25.00,0.02970109524562246,-0.060720417661139836,1.5374443008452947,0.0,0.0,-0.006827581338177313,-0.02970109524562246,0.060720417661139836,-0.03744430084529471,0.006827581338177513,0.0008786963351782744,-0.0008491943932482661,-0.0031907281832721235,-0.0011660035659539964
25.10,0.029779213040581114,-0.060789895431940216,1.537126479539147,0.0,0.0,-0.006939498621418141,-0.029779213040581114,0.060789895431940216,-0.03712647953914705,0.006939498621417961,0.000781177949586542,-0.0006947777080038058,-0.0031782130614754836,-0.0011191728324082832
25.20,0.029847968187805423,-0.060844534927314634,1.5368099882726753,0.0,0.0,-0.007046902893459025,-0.029847968187805423,0.060844534927314634,-0.03680998827267534,0.007046902893458995,0.0006875514722430945,-0.0005463949537441936,-0.0031649126647176687,-0.0010740427204088488
25.30,0.029907735642687228,-0.06088491836809689,1.536494900118427,0.0,0.0,-0.0071499580617321095,-0.029907735642687228,0.06088491836809689,-0.03649490011842693,0.007149958061732242,0.0005976745488180531,-0.00040383440782255795,-0.0031508815424830666,-0.0010305516827308426
25.40,0.02995887663684139,-0.06091160753470741,1.5361812829921748,0.0,0.0,-0.0072488221016668766,-0.02995887663684139,0.06091160753470741,-0.036181282992174824,0.007248822101666885,0.000511409941541647,-0.0002668916661052196,-0.0031361712625218516,-0.0009886403993476715
25.50,0.030001739171640875,-0.06092514447363088,1.5358691999353564,0.0,0.0,-0.007343647271349087,-0.030001739171640875,0.06092514447363088,-0.03586919993535642,0.007343647271349063,0.00042862534799482677,-0.00013536938923468104,-0.003120830568184959,-0.000948251696822112
25.60,0.030036658494253802,-0.06092605217941273,1.5355587093826113,0.0,0.0,-0.007434580318411996,-0.030036658494253802,0.06092605217941273,-0.0355587093826113,0.007434580318411932,0.00034919322612926226,-9.07705781849925e-06,-0.00310490552745165,-0.0009093304706290915
25.70,0.030063957556785457,-0.060914835253034684,1.5352498654151905,0.0,0.0,-0.007521762679441512,-0.030063957556785457,0.060914835253034684,-0.035249865415190484,0.0075217626794414905,0.0002729906253165451,0.0001121692637804584,-0.0030884396742070844,-0.0008718236102951615
25.80,0.030083947459108636,-0.06089198053749821,1.5349427180009851,0.0,0.0,-0.007605330672165147,-0.030083947459108636,0.06089198053749821,-0.03494271800098514,0.007605330672165067,0.00019989902323181097,0.00022854715536470174,-0.0030714741420536616,-0.0008356799272363488
25.90,0.030096927875946883,-0.06085795773141483,1.5346373132218702,0.0,0.0,-0.007685415680686573,-0.030096927875946883,0.06085795773141483,-0.03463731322187025,0.0076854156806867024,0.0001298041683824785,0.0003402280608337962,-0.0030540477911490116,-0.0008008500852142615
26.00,0.030103187468756665,-0.06081321998137329,1.534333693489035,0.0,0.0,-0.007762144334016808,-0.030103187468756665,0.06081321998137329,-0.03433369348903503,0.007762144334016785,6.259592809781988e-05,0.0004473775004153914,-0.003036197328351791,-0.0007672865333023454
26.10,0.030103004282936722,-0.06075820445382594,1.5340318977469243,0.0,0.0,-0.007835638678145726,-0.030103004282936722,0.06075820445382594,-0.03403189774692428,0.007835638678145518,-1.831858199446637e-06,0.0005501552754735388,-0.0030179574211069253,-0.000734943441289177
26.20,0.030096646130875357,-0.060693332887209905,1.5337319616663925,0.0,0.0,-0.007906016341885879,-0.030096646130875357,0.060693332887209905,-0.033731961666392474,0.007906016341885813,-6.358152061363936e-05,0.0006487156661603576,-0.0029993608053183185,-0.0007037766374015356
26.30,0.030084370961329633,-0.060619012124993064,1.5334339178276333,0.0,0.0,-0.007973390696715696,-0.030084370961329633,0.060619012124993064,-0.033433917827633275,0.007973390696715654,-0.00012275169545724907,0.0007432076221684143,-0.0029804383875913602,-0.0006737435482981688
26.40,0.03006642721561393,-0.06053563463031003,1.5331377958934245,0.0,0.0,-0.008037871010838743,-0.03006642721561393,0.06053563463031003,-0.03313779589342447,0.00803787101083886,-0.00017943745715702308,0.0008337749468303078,-0.0029612193420888618,-0.000644803141230471
26.50,0.03004305417105954,-0.0604435789828297,1.5328436227731914,0.0,0.0,-0.008099562597667344,-0.03004305417105954,0.0604435789828297,-0.03284362277319142,0.008099562597667198,-0.0002337304455438884,0.0009205564748033636,-0.002941731202329819,-0.0006169158682859995
26.60,0.030014482272191424,-0.06034321035847291,1.5325514227783776,0.0,0.0,-0.008158566958933916,-0.030014482272191424,0.06034321035847291,-0.03255142277837764,0.00815856695893391,-0.0002857189886811721,0.0010036862435678507,-0.0029219999481367963,-0.0005900436126657132
26.70,0.029980933450053333,-0.060234880992577004,1.5322612177695711,0.0,0.0,-0.008214981922622547,-0.029980933450053333,0.060234880992577004,-0.03226121776957114,0.008214981922622488,-0.00033548822138091793,0.0010832936589591105,-0.002902050088065683,-0.0005641496368863253
26.80,0.02994262143009799,-0.06011893062708248,1.5319730272958252,0.0,0.0,-0.008268901775910775,-0.02994262143009799,0.06011893062708248,-0.031973027295825185,0.008268901775910997,-0.00038312019955341744,0.0011595036549452709,-0.0028819047374594384,-0.0005391985328822829
26.90,0.02989975202904489,-0.059995686942297,1.5316868687265808,0.0,0.0,-0.008320417393299214,-0.02989975202904489,0.059995686942297,-0.031686868726580775,0.008320417393299362,-0.0004286940105310073,0.0012324368478547954,-0.002861585692443363,-0.0005151561738843838
27.00,0.02985252344109466,-0.059865465973771965,1.5314027573765787,0.0,0.0,-0.008369616360105914,-0.02985252344109466,0.059865465973771965,-0.031402757376578716,0.008369616360106136,-0.00047228587950229843,0.001302209685250336,-0.0028411135000208573,-0.0004919896680669978
27.10,0.029801126513875727,-0.05972857251480818,1.5311207066241301,0.0,0.0,-0.0084165830914906,-0.029801126513875727,0.05972857251480818,-0.031120706624130134,0.008416583091490626,-0.0005139692721893296,0.001368934589637813,-0.0028205075244855347,-0.000469667313846868
27.20,0.029745745014486177,-0.059585300505088847,1.5308407280230951,0.0,0.0,-0.008461398947173042,-0.029745745014486177,0.059585300505088847,-0.03084072802309512,0.008461398947173127,-0.0005538149938954926,0.001432720097193392,-0.0027997860103508576,-0.000448158556824414
27.30,0.029686555885981323,-0.05943593340592047,1.5305628314088968,0.0,0.0,-0.008504142341999126,-0.029686555885981323,0.05943593340592047,-0.030562831408896818,0.008504142341998921,-0.0005918912850485521,0.0014936709916837747,-0.0027789661419820137,-0.0004274339482608487
27.40,0.02962372949464544,-0.05928074456254558,1.5302870249988894,0.0,0.0,-0.008544888852507032,-0.02962372949464544,0.05928074456254558,-0.030287024998889356,0.008544888852506816,-0.0006282639133588105,0.0015518884337488456,-0.002758064100075147,-0.00040746510507905703
27.50,0.029557429868374577,-0.059119997553974596,1.530013315487369,0.0,0.0,-0.008583711319635885,-0.029557429868374577,0.059119997553974596,-0.030013315487368963,0.008583711319635867,-0.0006629962627086389,0.0016074700857098695,-0.0027370951152038484,-0.00038822467128852775
27.60,0.029487814926485955,-0.058953946530768575,1.5297417081355185,0.0,0.0,-0.008620679947718883,-0.029487814926485955,0.058953946530768575,-0.029741708135518463,0.00862067994771909,-0.0006961494188862205,0.001660510232060236,-0.0027160735185048253,-0.0003696862808299832
27.70,0.029415036701258737,-0.05878283654118957,1.5294722068565427,0.0,0.0,-0.008655862399893703,-0.029415036701258737,0.05878283654118957,-0.029472206856542726,0.008655862399893799,-0.0007277822522721942,0.0017110998957900136,-0.002695012789757825,-0.0003518245217482049
27.80,0.029339241551500254,-0.05860690384612054,1.5292048142962544,0.0,0.0,-0.008689323890060389,-0.029339241551500254,0.05860690384612054,-0.029204814296254433,0.008689323890060496,-0.0007579514975848501,0.0017593269506903692,-0.0026739256028830115,-0.0003346149016668488
27.90,0.029260570368421668,-0.05842637622314268,1.5289395319093455,0.0,0.0,-0.008721127271511217,-0.029260570368421668,0.05842637622314268,-0.028939531909345506,0.008721127271511087,-0.0007867118307858421,0.0018052762297785315,-0.0026528238690894136,-0.00031803381450827713
28.00,0.02917915877409718,-0.05824147326014484,1.5286763600315723,0.0,0.0,-0.008751333122354217,-0.02917915877409718,0.05824147326014484,-0.028676360031572257,0.008751333122354321,-0.00081411594324489,0.0018490296299784078,-0.002631718777731447,-0.00030205850843000926
28.10,0.029095137312771246,-0.058052406638825986,1.5284152979480699,0.0,0.0,-0.008779999827844491,-0.029095137312771246,0.058052406638825986,-0.02841529794806985,0.008779999827844609,-0.00084021461325932,0.001890666213188517,-0.0026106208350248385,-0.00028666705490273497
28.20,0.029008631635269223,-0.0578593804084398,1.5281563439579966,0.0,0.0,-0.008807183659737518,-0.029008631635269223,0.0578593804084398,-0.0281563439579966,0.00880718365973765,-0.0008650567750202302,0.0019302623038618977,-0.0025895399007320567,-0.00027183831893026647
28.30,0.028919762676757728,-0.057662591250117703,1.5278994954357068,0.0,0.0,-0.008832938852769635,-0.028919762676757728,0.057662591250117703,-0.0278994954357068,0.0088329388527697,-0.0008886895851149646,0.0019678915832209696,-0.0025684852228977026,-0.00025755193032116295
28.40,0.02882864682809256,-0.05746222873209538,1.5276447488886273,0.0,0.0,-0.008857317678371762,-0.02882864682809256,0.05746222873209538,-0.027644748888627335,0.008857317678371945,-0.0009111584866517007,0.002003625180223237,-0.0025474654707942773,-0.00024378825602126917
28.50,0.028735396100983565,-0.057258475556156194,1.5273921000120187,0.0,0.0,-0.00888037051571531,-0.028735396100983565,0.057258475556156194,-0.02739210001201875,0.008880370515715441,-0.0009325072710899326,0.002037531759391858,-0.0025264887660858305,-0.00023052837343547994
28.60,0.028640118287197855,-0.05705150779559426,1.527141543740779,0.0,0.0,-0.008902145920187638,-0.028640118287197855,0.05705150779559426,-0.02714154374077893,0.008902145920187454,-0.0009527781378571041,0.0020696776056193253,-0.002505562712398674,-0.00021775404472327995
28.70,0.028542917112014905,-0.056841495124989275,1.5268930742984492,0.0,0.0,-0.008922690689389112,-0.028542917112014905,0.056841495124989275,-0.026893074298449227,0.008922690689389334,-0.0009720117518294902,0.002100126706049815,-0.0024846944232976703,-0.00020544769201474898
28.80,0.028443892382139676,-0.05662860104207514,1.5266466852435676,0.0,0.0,-0.008942049926741786,-0.028443892382139676,0.05662860104207514,-0.026646685243567614,0.008942049926741635,-0.000990247298752305,0.002128940829141333,-0.002463890548816277,-0.00019359237352674222
28.90,0.02834314012827248,-0.056412983081974566,1.5264023695135105,0.0,0.0,-0.008960267102797879,-0.02834314012827248,0.056412983081974566,-0.026402369513510493,0.008960267102797737,-0.0010075225386719758,0.002156179601005769,-0.002443157300571739,-0.00018217176056091724
29.00,0.02824075274252741,-0.056194793024062495,1.5261601194659535,0.0,0.0,-0.008977384114327056,-0.02824075274252741,0.056194793024062495,-0.026160119465953535,0.008977384114327247,-0.0010238738574507137,0.002181900579120744,-0.0024225004755696576,-0.0001711701152917684
29.10,0.028136819110884313,-0.05597417709171201,1.5259199269180794,0.0,0.0,-0.008993441341267915,-0.028136819110884313,0.05597417709171201,-0.025919926918079428,0.008993441341267783,-0.0010393363164309507,0.002206159323504836,-0.0024019254787413027,-0.00016057226940857603
29.20,0.02803142474085275,-0.05575127614516766,1.5256817831836484,0.0,0.0,-0.009008477701617928,-0.02803142474085275,0.05575127614516766,-0.025681783183648443,0.009008477701617945,-0.0010539437003156368,0.0022290094654435653,-0.002381437344308932,-0.00015036360350012383
29.30,0.02792465188452003,-0.05552622586778256,1.525445679108048,0.0,0.0,-0.009022530704335844,-0.02792465188452003,0.05552622586778256,-0.02544567910804796,0.009022530704335896,-0.0010677285633272219,0.0022505027738509834,-0.0023610407560058777,-0.00014053002717916732
29.40,0.02781657965714938,-0.05529915694584767,1.5252116051014226,0.0,0.0,-0.00903563650033181,-0.02781657965714938,0.05529915694584767,-0.02521160510142262,0.0090356365003319,-0.0010807222737064899,0.002270689219348843,-0.0023407400662527715,-0.00013105795995965963
29.50,0.02770728415148833,-0.055070195242233486,1.5249795511699937,0.0,0.0,-0.00904782993161079,-0.02770728415148833,0.055070195242233486,-0.02497955116999373,0.009047829931610796,-0.0010929550566105145,0.002289617036141845,-0.002320539314289688,-0.00012193431278979502
29.60,0.027596838547941708,-0.05483946196405694,1.5247495069456538,0.0,0.0,-0.009059144578638339,-0.027596838547941708,0.05483946196405694,-0.02474950694565381,0.009059144578638545,-0.0011044560354662267,0.0023073327817654584,-0.0023004422433994566,-0.00011314647027548474
29.70,0.027485313220758215,-0.05460707382457899,1.524521461713938,0.0,0.0,-0.009069612805991976,-0.027485313220758215,0.05460707382457899,-0.024521461713937986,0.009069612805991945,-0.0011152532718349264,0.0023238813947795327,-0.0022804523171585725,-0.00010468227353637827
29.80,0.02737277584037415,-0.05437314319953111,1.5242954044404482,0.0,0.0,-0.009079265806361368,-0.02737277584037415,0.05437314319953111,-0.0242954044404482,0.009079265806361203,-0.0011253738038406258,0.0023393062504787412,-0.002260572734898835,-9.653000369392684e-05
29.90,0.0272592914720528,-0.054137778278062314,1.5240713237958192,0.0,0.0,-0.009088133642955064,-0.0272592914720528,0.054137778278062314,-0.02407132379581922,0.009088133642955132,-0.001134843683213483,0.0023536492146879937,-0.002240806446288844,-8.867836593696421e-05
